<?xml version="1.0" encoding="UTF-8"?>
<DockingPaneLayouts CompactMode="1">
	<DSP_PANE_SECTION>
		<Summary Panes="11" TopContainer="4" Client="10"/>
		<Pane-1 Type="0" DockingCX="360" DockingCY="286" Title="XRef View\n\n" ID="59502" DockingHolder="7" LastHolder="7"/>
		<Pane-2 Type="0" DockingCX="360" DockingCY="286" Title="Data1\n\n" ID="59504" DockingHolder="8" LastHolder="8"/>
		<Pane-3 Type="0" DockingCX="1024" DockingCY="100" Title="Output\n\n" ID="59503" DockingHolder="11" LastHolder="11"/>
		<Pane-4 Type="2" Panes="2" Pane-1="5" Pane-2="11"/>
		<Pane-5 Type="2" DockingCY="595" Horiz="1" Panes="2" Pane-1="6" Pane-2="9"/>
		<Pane-6 Type="2" DockingCX="360" DockingCY="595" Panes="2" Pane-1="7" Pane-2="8"/>
		<Pane-7 Type="1" DockingCX="360" DockingCY="516" Panes="1" Selected="1" Pane-1="1"/>
		<Pane-8 Type="1" DockingCX="360" DockingCY="75" Panes="1" Selected="2" Pane-1="2"/>
		<Pane-9 Type="2" DockingCX="1104" Panes="1" Pane-1="10"/>
		<Pane-10 Type="4" DockingCX="1488"/>
		<Pane-11 Type="1" DockingCX="1024" DockingCY="100" Panes="1" Selected="3" Pane-1="3"/>
	</DSP_PANE_SECTION>
</DockingPaneLayouts>
